{
    "Version": "2012-10-17",
    "Id": "arn:aws:sqs:${region}:${account_id}:${lifecycle_name}/SQSDefaultPolicy",
    "Statement": [
        {
        "Sid": "Sid1544608181745",
        "Effect": "Allow",
        "Principal": {
            "AWS": "*"
        },
        "Action": "SQS:SendMessage",
        "Resource": "arn:aws:sqs:${region}:${account_id}:${lifecycle_name}",
        "Condition": {
            "ArnEquals": {
            "aws:SourceArn": "${asg_arn}"
            }
        }
        }
    ]
}


